datetime;user;host;action;branch;result;detail
2026-06-14 15:47:25;Steph Hoel;HOEL;delete;chore/docs-web-spec-sync;dry-run;candidata (gone)
2026-06-14 15:47:26;Steph Hoel;HOEL;delete;chore/new-version-2026-06-13;dry-run;candidata (gone)
2026-06-14 15:47:26;Steph Hoel;HOEL;delete;docs/change-gif;dry-run;candidata (gone)
2026-06-14 15:47:27;Steph Hoel;HOEL;delete;feat/06-uniao-itens-duplicados;dry-run;candidata (gone)
2026-06-14 15:47:28;Steph Hoel;HOEL;delete;feat/web-github-pages;dry-run;candidata (gone)
2026-06-14 15:47:28;Steph Hoel;HOEL;delete;fix/android-crash-document-title-baseurl;dry-run;candidata (gone)
2026-06-14 15:47:29;Steph Hoel;HOEL;delete;fix/new-version-finalization-adjustments;dry-run;candidata (gone)
2026-06-14 15:47:30;Steph Hoel;HOEL;summary;-;ok;deleted=0 skipped=7 failed=0 dry_run=1 include_merged=0 mode=safe default=main
2026-06-14 15:51:54;Steph Hoel;HOEL;delete;chore/docs-web-spec-sync;dry-run;candidata (gone)
2026-06-14 15:51:55;Steph Hoel;HOEL;delete;chore/new-version-2026-06-13;dry-run;candidata (gone)
2026-06-14 15:51:55;Steph Hoel;HOEL;delete;docs/change-gif;dry-run;candidata (gone)
2026-06-14 15:51:56;Steph Hoel;HOEL;delete;feat/06-uniao-itens-duplicados;dry-run;candidata (gone)
2026-06-14 15:51:57;Steph Hoel;HOEL;delete;feat/web-github-pages;dry-run;candidata (gone)
2026-06-14 15:51:57;Steph Hoel;HOEL;delete;fix/android-crash-document-title-baseurl;dry-run;candidata (gone)
2026-06-14 15:51:58;Steph Hoel;HOEL;delete;fix/new-version-finalization-adjustments;dry-run;candidata (gone)
2026-06-14 15:51:59;Steph Hoel;HOEL;delete;heads/main;dry-run;candidata (merged)
2026-06-14 15:51:59;Steph Hoel;HOEL;summary;-;ok;deleted=0 skipped=8 failed=0 dry_run=1 include_merged=1 mode=safe default=main
2026-06-14 15:52:32;Steph Hoel;HOEL;delete;chore/docs-web-spec-sync;dry-run;candidata (gone)
2026-06-14 15:52:32;Steph Hoel;HOEL;delete;chore/new-version-2026-06-13;dry-run;candidata (gone)
2026-06-14 15:52:33;Steph Hoel;HOEL;delete;docs/change-gif;dry-run;candidata (gone)
2026-06-14 15:52:34;Steph Hoel;HOEL;delete;feat/06-uniao-itens-duplicados;dry-run;candidata (gone)
2026-06-14 15:52:34;Steph Hoel;HOEL;delete;feat/web-github-pages;dry-run;candidata (gone)
2026-06-14 15:52:35;Steph Hoel;HOEL;delete;fix/android-crash-document-title-baseurl;dry-run;candidata (gone)
2026-06-14 15:52:36;Steph Hoel;HOEL;delete;fix/new-version-finalization-adjustments;dry-run;candidata (gone)
2026-06-14 15:52:36;Steph Hoel;HOEL;delete;main;skipped;protegida (merged)
2026-06-14 15:52:37;Steph Hoel;HOEL;summary;-;ok;deleted=0 skipped=8 failed=0 dry_run=1 include_merged=1 mode=safe default=main
2026-06-14 15:57:33;Steph Hoel;HOEL;delete;chore/docs-web-spec-sync;dry-run;candidata (gone)
2026-06-14 15:57:34;Steph Hoel;HOEL;delete;chore/new-version-2026-06-13;dry-run;candidata (gone)
2026-06-14 15:57:35;Steph Hoel;HOEL;delete;docs/change-gif;dry-run;candidata (gone)
2026-06-14 15:57:35;Steph Hoel;HOEL;delete;feat/06-uniao-itens-duplicados;dry-run;candidata (gone)
2026-06-14 15:57:36;Steph Hoel;HOEL;delete;feat/web-github-pages;dry-run;candidata (gone)
2026-06-14 15:57:37;Steph Hoel;HOEL;delete;fix/android-crash-document-title-baseurl;dry-run;candidata (gone)
2026-06-14 15:57:37;Steph Hoel;HOEL;delete;fix/new-version-finalization-adjustments;dry-run;candidata (gone)
2026-06-14 15:57:38;Steph Hoel;HOEL;summary;-;ok;deleted=0 skipped=7 failed=0 dry_run=1 include_merged=0 mode=safe default=main
2026-06-14 15:58:02;Steph Hoel;HOEL;delete;chore/docs-web-spec-sync;dry-run;candidata (gone)
2026-06-14 15:58:02;Steph Hoel;HOEL;delete;chore/new-version-2026-06-13;dry-run;candidata (gone)
2026-06-14 15:58:03;Steph Hoel;HOEL;delete;docs/change-gif;dry-run;candidata (gone)
2026-06-14 15:58:04;Steph Hoel;HOEL;delete;feat/06-uniao-itens-duplicados;dry-run;candidata (gone)
2026-06-14 15:58:05;Steph Hoel;HOEL;delete;feat/web-github-pages;dry-run;candidata (gone)
2026-06-14 15:58:05;Steph Hoel;HOEL;delete;fix/android-crash-document-title-baseurl;dry-run;candidata (gone)
2026-06-14 15:58:06;Steph Hoel;HOEL;delete;fix/new-version-finalization-adjustments;dry-run;candidata (gone)
2026-06-14 15:58:07;Steph Hoel;HOEL;summary;-;ok;deleted=0 skipped=7 failed=0 dry_run=1 include_merged=0 mode=safe default=main
2026-06-14 16:03:44;Steph Hoel;HOEL;delete;chore/docs-web-spec-sync;failed;gone via -d
2026-06-14 16:03:45;Steph Hoel;HOEL;delete;chore/new-version-2026-06-13;failed;gone via -d
2026-06-14 16:03:46;Steph Hoel;HOEL;delete;docs/change-gif;failed;gone via -d
2026-06-14 16:03:47;Steph Hoel;HOEL;delete;feat/06-uniao-itens-duplicados;failed;gone via -d
2026-06-14 16:03:48;Steph Hoel;HOEL;delete;feat/web-github-pages;failed;gone via -d
2026-06-14 16:03:48;Steph Hoel;HOEL;delete;fix/android-crash-document-title-baseurl;failed;gone via -d
2026-06-14 16:03:49;Steph Hoel;HOEL;delete;fix/new-version-finalization-adjustments;failed;gone via -d
2026-06-14 16:03:50;Steph Hoel;HOEL;summary;-;ok;deleted=0 skipped=0 failed=7 dry_run=0 include_merged=0 mode=safe default=main
2026-06-14 16:05:22;Steph Hoel;HOEL;delete;chore/docs-web-spec-sync;deleted;gone via -D
2026-06-14 16:05:23;Steph Hoel;HOEL;delete;chore/new-version-2026-06-13;deleted;gone via -D
2026-06-14 16:05:24;Steph Hoel;HOEL;delete;docs/change-gif;deleted;gone via -D
2026-06-14 16:05:25;Steph Hoel;HOEL;delete;feat/06-uniao-itens-duplicados;deleted;gone via -D
2026-06-14 16:05:25;Steph Hoel;HOEL;delete;feat/web-github-pages;deleted;gone via -D
2026-06-14 16:05:26;Steph Hoel;HOEL;delete;fix/android-crash-document-title-baseurl;deleted;gone via -D
2026-06-14 16:05:27;Steph Hoel;HOEL;delete;fix/new-version-finalization-adjustments;deleted;gone via -D
2026-06-14 16:05:28;Steph Hoel;HOEL;summary;-;ok;deleted=7 skipped=0 failed=0 dry_run=0 include_merged=0 mode=force default=main
2026-06-14 16:05:34;Steph Hoel;HOEL;scan;-;ok;nenhuma candidata (include_merged=0)
